<?xml version="1.0" encoding="utf-8"?>
<!--/13216735/361554/2.49/3/4/Integrated Circuit/-->
<quadcept_library>
  <setting unit="mil" />
  <textstyle name="Default" height="47.244094488189" strokewidth="7.8740157480315" charwidth="47.244094488189" />
  <textstyle name="Dimension" height="19.6850393700787" strokewidth="0" charwidth="19.6850393700787" />
  <textstyle name="H127W0635TH00762" height="50" strokewidth="3" charwidth="25" />
  <textstyle name="H15W15TH02" height="59.0551181102362" strokewidth="7.8740157480315" charwidth="59.0551181102362" />
  <padstyle name="c100_h75.88" surface="False" plated="True" isvia="False" nopaste="True" nomask="True" complex="False" holesize="29.874015748031">
    <padshape layer="TOP" shape="round" width="39.370078740157" height="39.370078740157" />
    <padshape layer="TOP_SOLDER_MASK" shape="round" width="47.244094488188" height="47.244094488188" />
    <padshape layer="INNER" shape="round" width="39.370078740157" height="39.370078740157" />
    <padshape layer="BOTTOM" shape="round" width="39.370078740157" height="39.370078740157" />
    <padshape layer="BOTTOM_SOLDER_MASK" shape="round" width="47.244094488188" height="47.244094488188" />
  </padstyle>
  <footprint name="MCP17003302ETO" originx="0" originy="0" pickpointx="0" pickpointy="0">
    <pcbpin number="1" name="1" style="c100_h75.88" originx="0" originy="0" rotation="90" />
    <pcbpin number="2" name="2" style="c100_h75.88" originx="49.999999999999" originy="0" rotation="90" />
    <pcbpin number="3" name="3" style="c100_h75.88" originx="99.999999999999" originy="0" rotation="90" />
    <line layer="TOP_ASSEMBLY" originx="-44.999999999999" originy="-72.480314960629" endx="145" endy="-72.480314960629" width="7.8740157480314" />
    <line layer="TOP_ASSEMBLY" originx="145" originy="-72.480314960629" endx="145" endy="-72.480314960629" width="7.8740157480314" />
    <line layer="TOP_ASSEMBLY" originx="145" originy="-72.480314960629" endx="-44.999999999999" endy="-72.480314960629" width="7.8740157480314" />
    <line layer="TOP_ASSEMBLY" originx="-44.999999999999" originy="-72.480314960629" endx="-44.999999999999" endy="-72.480314960629" width="7.8740157480314" />
    <line layer="TOP_SILKSCREEN" originx="-44.999999999999" originy="-72.480314960629" endx="145" endy="-72.480314960629" width="3.9370078740157" />
    <line layer="TOP_SILKSCREEN" originx="145" originy="-72.480314960629" endx="145" endy="-72.480314960629" width="3.9370078740157" />
    <line layer="TOP_SILKSCREEN" originx="145" originy="-72.480314960629" endx="-44.999999999999" endy="-72.480314960629" width="3.9370078740157" />
    <line layer="TOP_SILKSCREEN" originx="-44.999999999999" originy="-72.480314960629" endx="-44.999999999999" endy="-72.480314960629" width="3.9370078740157" />
    <line layer="TOP_PLACE_BOUND" originx="-141.73228346457" originy="134.37007874016" endx="184.37007874016" endy="134.37007874016" width="3.9370078740157" />
    <line layer="TOP_PLACE_BOUND" originx="184.37007874016" originy="134.37007874016" endx="184.37007874016" endy="-111.85039370079" width="3.9370078740157" />
    <line layer="TOP_PLACE_BOUND" originx="184.37007874016" originy="-111.85039370079" endx="-141.73228346457" endy="-111.85039370079" width="3.9370078740157" />
    <line layer="TOP_PLACE_BOUND" originx="-141.73228346457" originy="-111.85039370079" endx="-141.73228346457" endy="134.37007874016" width="3.9370078740157" />
    <line layer="TOP_ASSEMBLY" originx="-44.999999999999" originy="0" endx="-44.999999999999" endy="0" width="7.8740157480314" />
    <line layer="TOP_ASSEMBLY" originx="-44.999999999999" originy="0" endx="-44.999999999999" endy="-72.480314960629" width="7.8740157480314" />
    <line layer="TOP_ASSEMBLY" originx="-44.999999999999" originy="-72.480314960629" endx="-44.999999999999" endy="-72.480314960629" width="7.8740157480314" />
    <line layer="TOP_ASSEMBLY" originx="-44.999999999999" originy="-72.480314960629" endx="-44.999999999999" endy="0" width="7.8740157480314" />
    <line layer="TOP_SILKSCREEN" originx="-44.999999999999" originy="0" endx="-44.999999999999" endy="0" width="3.9370078740157" />
    <line layer="TOP_SILKSCREEN" originx="-44.999999999999" originy="0" endx="-44.999999999999" endy="-72.480314960629" width="3.9370078740157" />
    <line layer="TOP_SILKSCREEN" originx="-44.999999999999" originy="-72.480314960629" endx="-44.999999999999" endy="-72.480314960629" width="3.9370078740157" />
    <line layer="TOP_SILKSCREEN" originx="-44.999999999999" originy="-72.480314960629" endx="-44.999999999999" endy="0" width="3.9370078740157" />
    <line layer="TOP_ASSEMBLY" originx="-44.999999999999" originy="0" endx="-44.999999999999" endy="0" width="7.8740157480314" />
    <arc layer="TOP_ASSEMBLY" originx="49.999999999999" originy="0" startangle="180.0" sweepangle="-180.0" radius="94.999999999999" width="7.8740157480314" />
    <line layer="TOP_ASSEMBLY" originx="145" originy="0" endx="145" endy="-72.480314960629" width="7.8740157480314" />
    <line layer="TOP_SILKSCREEN" originx="-44.999999999999" originy="0" endx="-44.999999999999" endy="0" width="3.9370078740157" />
    <arc layer="TOP_SILKSCREEN" originx="49.999999999999" originy="0" startangle="180.0" sweepangle="-180.0" radius="94.999999999999" width="3.9370078740157" />
    <line layer="TOP_SILKSCREEN" originx="145" originy="0" endx="145" endy="-72.480314960629" width="3.9370078740157" />
    <line layer="TOP_SILKSCREEN" originx="-102.36220472441" originy="0" endx="-102.36220472441" endy="0" width="7.8740157480314" />
    <arc layer="TOP_SILKSCREEN" originx="-98.425196850392" originy="0" startangle="-180.0" sweepangle="180.0" radius="3.9370078740157" width="7.8740157480314" />
    <line layer="TOP_SILKSCREEN" originx="-94.488188976377" originy="0" endx="-94.488188976377" endy="0" width="7.8740157480314" />
    <arc layer="TOP_SILKSCREEN" originx="-98.425196850392" originy="0" startangle=".0" sweepangle="180.0" radius="3.9370078740157" width="7.8740157480314" />
    <line layer="TOP_SILKSCREEN" originx="-102.36220472441" originy="0" endx="-102.36220472441" endy="0" width="7.8740157480314" />
    <arc layer="TOP_SILKSCREEN" originx="-98.425196850392" originy="0" startangle="-180.0" sweepangle="180.0" radius="3.9370078740157" width="7.8740157480314" />
  </footprint>
  <symbol name="MCP1700-3302E_TO" originx="0" originy="0">
    <line originx="200" originy="100" endx="700" endy="100" width="0" />
    <line originx="700" originy="-300" endx="700" endy="100" width="0" />
    <line originx="700" originy="-300" endx="200" endy="-300" width="0" />
    <line originx="200" originy="100" endx="200" endy="-300" width="0" />
    <sympin number="1" originx="200" originy="0" rotation="180" length="100" width="7.8740157480315" flipped="False">
      <text name="pinname" originx="230" originy="0" style="Default" rotation="0" justify="left" flipped="False" hidden="False" data="GND" />
      <text name="pindes" originx="140" originy="20" style="Default" rotation="0" justify="lowerright" flipped="False" hidden="False" data="1" />
    </sympin>
    <sympin number="2" originx="200" originy="-100" rotation="180" length="100" width="7.8740157480315" flipped="False">
      <text name="pinname" originx="230" originy="-100" style="Default" rotation="0" justify="left" flipped="False" hidden="False" data="VIN" />
      <text name="pindes" originx="140" originy="-80" style="Default" rotation="0" justify="lowerright" flipped="False" hidden="False" data="2" />
    </sympin>
    <sympin number="3" originx="200" originy="-200" rotation="180" length="100" width="7.8740157480315" flipped="False">
      <text name="pinname" originx="230" originy="-200" style="Default" rotation="0" justify="left" flipped="False" hidden="False" data="VOUT" />
      <text name="pindes" originx="140" originy="-180" style="Default" rotation="0" justify="lowerright" flipped="False" hidden="False" data="3" />
    </sympin>
  </symbol>
  <component name="MCP1700-3302E_TO" designatorprefix="IC" height="210" footprint="MCP17003302ETO">
    <comppin designator="1" sympin="1" pinswap="0" gateswap="0" gate="1" group="1" side="" type="Any" name="GND" />
    <comppin designator="2" sympin="2" pinswap="0" gateswap="0" gate="1" group="1" side="" type="Any" name="VIN" />
    <comppin designator="3" sympin="3" pinswap="0" gateswap="0" gate="1" group="1" side="" type="Any" name="VOUT" />
    <attached_symbol gate="1" name="MCP1700-3302E_TO" />
    <pinmap designator="1" footprintpin="1" />
    <pinmap designator="2" footprintpin="2" />
    <pinmap designator="3" footprintpin="3" />
    <text name="Datasheet" originx="0" originy="0" style="Default" rotation="0" justify="" flipped="False" hidden="True" data="http://ww1.microchip.com/downloads/en/DeviceDoc/MCP1700-Low-Quiescent-Current-LDO-20001826E.pdf" />
    <text name="Description" originx="0" originy="0" style="Default" rotation="0" justify="" flipped="False" hidden="True" data="LDO Voltage Regulators 250mA LDO 2%" />
    <text name="Manufacturer_Name" originx="0" originy="0" style="Default" rotation="0" justify="" flipped="False" hidden="True" data="Microchip" />
    <text name="Manufacturer_Part_Number" originx="750" originy="200" style="Default" rotation="0" justify="left" flipped="False" hidden="False" data="MCP1700-3302E/TO" />
    <text name="Mouser Part Number" originx="0" originy="0" style="Default" rotation="0" justify="" flipped="False" hidden="True" data="579-MCP1700-3302E/TO" />
    <text name="Mouser Price/Stock" originx="0" originy="0" style="Default" rotation="0" justify="" flipped="False" hidden="True" data="https://www.mouser.co.uk/ProductDetail/Microchip-Technology/MCP1700-3302E-TO?qs=h7tZ5KkzNMMPEB66r2rMQw%3D%3D" />
    <text name="Arrow Part Number" originx="0" originy="0" style="Default" rotation="0" justify="" flipped="False" hidden="True" data="MCP1700-3302E/TO" />
    <text name="Arrow Price/Stock" originx="0" originy="0" style="Default" rotation="0" justify="" flipped="False" hidden="True" data="https://www.arrow.com/en/products/mcp1700-3302eto/microchip-technology" />
  </component>
</quadcept_library>
